N,Y
0.0,19.941877596056003
1.0,20.685042609778233
2.0,19.844665792358835
3.0,20.257217676978694
4.0,21.523172124726624
5.0,20.465648316101717
6.0,23.157629007366815
7.0,17.68580769857743
8.0,15.797974518670458
9.0,19.37272129327546
10.0,21.60794401656609
11.0,19.331571632220438
12.0,21.574491912356134
13.0,18.958509085344595
14.0,19.992559773590216
15.0,24.066695861366615
16.0,16.15223598186259
17.0,23.87969700408205
18.0,18.342698702621025
19.0,18.257656674813383
20.0,21.034660925622926
21.0,22.49123488621211
22.0,20.327075388801088
23.0,16.333921570553446
24.0,20.899504538524884
25.0,20.653779561136087
26.0,20.03561054298986
27.0,17.17226940805507
28.0,19.388377726127068
29.0,19.62666980121665
30.0,18.900985974674665
31.0,20.354509808498296
32.0,17.39562528698653
33.0,20.422041155475863
34.0,20.58471967616637
35.0,19.91529296543658
36.0,22.3838029410656
37.0,17.114835666024426
38.0,20.734327969565406
39.0,20.963784490587237
40.0,23.87566507619876
41.0,17.027856867335306
42.0,24.037284947982624
43.0,17.585971050136
44.0,16.946075343309126
45.0,20.05644546398178
46.0,17.966508563908754
47.0,18.547932485488626
48.0,21.57623160292433
49.0,18.001314800182257
50.0,24.021437021167177
51.0,18.33408399945124
52.0,19.06799430663411
53.0,22.685035255012856
54.0,16.937902835161857
55.0,18.197386611206117
56.0,22.200422704566286
57.0,16.984104649827955
58.0,19.87497871213031
59.0,18.392148947417557
60.0,19.925116883449522
61.0,21.072131470040887
62.0,21.29620137608704
63.0,19.382056014696865
64.0,20.74152427649435
65.0,22.96778968533259
66.0,21.285237973047256
67.0,18.715575492255937
68.0,20.538749702143782
69.0,21.53952259439496
70.0,21.079302740733176
71.0,21.711346418918758
72.0,21.941205294233388
73.0,19.734954585804154
74.0,21.100990404977598
75.0,19.509166347563273
76.0,22.2629934171805
77.0,19.304765088999225
78.0,17.197309955001344
79.0,18.577485436287073
80.0,19.9185846338442
81.0,21.32458157501042
82.0,19.194337145825095
83.0,21.90180440555139
84.0,20.305129968012043
85.0,17.557069965665587
86.0,19.351534726068447
87.0,20.733052314851104
88.0,18.900337237784477
89.0,18.27180710652685
90.0,21.40938301798006
91.0,21.542259879699625
92.0,16.425724015396483
93.0,21.162620671273455
94.0,19.02795605653133
95.0,20.564581430023754
96.0,21.47680864196988
97.0,19.626589879262585
98.0,17.771005431081825
99.0,19.774022691710698
100.0,17.28512884561366
101.0,18.371356317659224
102.0,17.87160507341512
103.0,23.658857915250234
104.0,16.749513769829385
105.0,20.062089451106004
106.0,18.778932353379354
107.0,21.835954096597423
108.0,16.730911646211926
109.0,16.817014091416773
110.0,20.047504635296516
111.0,20.686416769938486
112.0,19.507158433945456
113.0,19.036394575529116
114.0,21.120765293361618
115.0,15.950882541723264
116.0,18.44732681928158
117.0,20.8100694837319
118.0,20.19247912923783
119.0,20.31085006486218
120.0,21.007910136617483
121.0,18.13434959787675
122.0,22.394500264899794
123.0,24.583698913305646
124.0,19.991638601276755
125.0,20.199956730925255
126.0,18.220141697373116
127.0,23.57305130210976
128.0,19.10390712304023
129.0,19.48326281610084
130.0,20.491738124412475
131.0,22.133427608741698
132.0,19.328961151621055
133.0,18.61141396063291
134.0,19.38084303396459
135.0,20.13586722051523
136.0,20.803301142188328
137.0,21.17238111511053
138.0,19.782896533376288
139.0,20.10463635734278
140.0,21.454375648942918
141.0,19.06828578783457
142.0,21.7298116154752
143.0,21.53059345508524
144.0,19.313613025593195
145.0,17.881546026126
146.0,18.972958080488944
147.0,22.06581773340497
148.0,21.26073956166797
149.0,22.010567549167515
150.0,18.911592358059178
151.0,20.475739196402685
152.0,22.118809444302997
153.0,22.371389471579494
154.0,20.032709626382246
155.0,20.000989854896197
156.0,22.532662960626638
157.0,18.59956773910488
158.0,22.230279209906783
159.0,22.586519623784636
160.0,21.955712785932935
161.0,22.571266284859345
162.0,19.689018871887082
163.0,20.085656584433796
164.0,19.11811811589645
165.0,22.744315893075278
166.0,23.508714327408626
167.0,19.614039030960242
168.0,17.08558075186617
169.0,20.24689790760949
170.0,17.445385895373175
171.0,18.226101656578344
172.0,18.946677965020104
173.0,18.126864139559526
174.0,22.72179557712937
175.0,18.083449022372186
176.0,21.40052044467053
177.0,21.715072483582524
178.0,18.239963712204407
179.0,16.087799349479944
180.0,19.212489572551053
181.0,16.30696668888676
182.0,22.02656747874907
183.0,21.796874395326427
184.0,23.50784540606853
185.0,23.286669362084105
186.0,18.27332169393505
187.0,17.066253577823847
188.0,18.782121762373055
189.0,19.382583435921287
190.0,20.949513409002034
191.0,22.74498530714328
192.0,22.223937925715543
193.0,19.660872460675442
194.0,22.267414877472056
195.0,18.827441214439013
196.0,20.34245724428561
197.0,18.7461330373653
198.0,20.44880952036413
199.0,22.235814210863218
200.0,23.38430817508466
201.0,18.162543629676083
202.0,20.242124629305934
203.0,18.208050936959058
204.0,23.265915921056774
205.0,19.423648790756754
206.0,16.67321006242471
207.0,20.401103070711983
208.0,20.36456587212097
209.0,20.8289696303781
210.0,20.712252562276532
211.0,24.77816254936455
212.0,21.369084814694578
213.0,20.230671977764576
214.0,20.425848383271905
215.0,18.786720870120234
216.0,23.91522202990101
217.0,16.80694614169736
218.0,18.91831114814838
219.0,21.829648843344557
220.0,18.71329616993415
221.0,22.13626720769162
222.0,20.642169600139987
223.0,21.48620967004113
224.0,19.99302667467854
225.0,23.718897692238453
226.0,17.282559326698397
227.0,18.074764325370552
228.0,22.118767709292072
229.0,21.00840368636917
230.0,21.284998727063595
231.0,17.199950650079256
232.0,15.93555921933495
233.0,20.34698025568541
234.0,18.204246778648994
235.0,20.730050105150216
236.0,19.992717666508693
237.0,21.995514538978483
238.0,21.95182597525708
239.0,17.200739395213326
240.0,19.971826811901
241.0,20.28627541930963
242.0,21.84782178723366
243.0,18.11249901430323
244.0,23.644522271334363
245.0,16.95147279887044
246.0,18.426322755443973
247.0,21.23891000026068
248.0,15.628557060110454
249.0,17.53684819532652
250.0,18.347193433887412
251.0,20.669368163686766
252.0,18.20303040981294
253.0,22.259083908063282
254.0,21.292151132352153
255.0,18.33793584142402
256.0,21.827315952745757
257.0,22.075718191142222
258.0,19.730596972004655
259.0,23.71538543436702
260.0,19.80504454691922
261.0,19.068666604008385
262.0,21.846802875699378
263.0,22.503446060488148
264.0,19.49610629824192
265.0,19.630578204274606
266.0,21.332101290304713
267.0,21.654081509151478
268.0,23.080475012030238
269.0,21.292549278264243
270.0,20.889826565639872
271.0,17.61004124213139
272.0,22.079548425221876
273.0,19.33836622900352
274.0,19.697140146540967
275.0,22.00730064461115
276.0,19.26417277375057
277.0,20.34977680541775
278.0,17.826230088274137
279.0,22.115775319336404
280.0,19.901906736462525
281.0,21.008267696194476
282.0,18.281788314963585
283.0,21.14275413725918
284.0,18.591944028513314
285.0,21.57932877654446
286.0,21.86129165621627
287.0,19.361050677829656
288.0,18.494396720702007
289.0,22.05232074784268
290.0,23.48406423874957
291.0,19.689355512970202
292.0,16.767820182822103
293.0,22.133829819095496
294.0,20.240147738687035
295.0,21.892038540904558
296.0,19.751392147209746
297.0,19.014724815718775
298.0,20.76785480240806
299.0,18.013141338698148
300.0,14.811147212771802
301.0,17.994844110275018
302.0,22.665303470964258
303.0,21.277996649336316
304.0,21.264495559100894
305.0,21.030841570427423
306.0,19.380954237105083
307.0,21.696949943123563
308.0,22.77028376574356
309.0,21.099292493228187
310.0,22.387444377688656
311.0,19.073449817295163
312.0,22.84956650556908
313.0,18.02511030680388
314.0,18.843718638233998
315.0,19.909697920531528
316.0,23.036988930227597
317.0,20.992487257699807
318.0,20.303358113171488
319.0,21.14122165886972
320.0,19.562044633753704
321.0,19.689473977285086
322.0,16.980274304189223
323.0,22.854747261519933
324.0,18.098532691306765
325.0,18.49535262507377
326.0,19.93571648897853
327.0,22.95308105357818
328.0,19.724784232902145
329.0,21.1640995765601
330.0,21.816013606363544
331.0,21.65426933770733
332.0,23.22691810557542
333.0,18.007426191130417
334.0,20.344896691490327
335.0,20.616102474648287
336.0,19.66816859970313
337.0,19.284786475312846
338.0,18.893180494377862
339.0,22.19477768559444
340.0,21.614041218442274
341.0,19.525388359374812
342.0,22.039442072238206
343.0,13.44153772311172
344.0,20.281908909751213
345.0,19.052147941642477
346.0,20.32814272626809
347.0,21.341969196174322
348.0,18.919102705617462
349.0,19.061359492545712
350.0,22.511135389967095
351.0,23.8777487373979
352.0,17.51366116418067
353.0,19.021259510222425
354.0,16.510135585664848
355.0,21.056965997928174
356.0,18.56234152236881
357.0,18.5898451654507
358.0,22.00166732725016
359.0,19.49955128241025
360.0,18.509173113009304
361.0,19.176263047736466
362.0,20.468074817786754
363.0,21.774024406842397
364.0,18.215932815608816
365.0,17.24031739263574
366.0,16.756813794534036
367.0,16.217411684303986
368.0,23.20211449501728
369.0,20.566557821319353
370.0,20.75906793640364
371.0,19.969534321122893
372.0,19.600117804409
373.0,19.13990657974122
374.0,21.595819615893376
375.0,23.440736234119445
376.0,24.53568007403655
377.0,19.401163115396848
378.0,21.06709039687974
379.0,20.36924156753966
380.0,20.13468941552504
381.0,21.286042483074194
382.0,19.55711321957521
383.0,19.05270366073599
384.0,19.73910997942662
385.0,22.468766468084645
386.0,19.50240397386017
387.0,19.523108863458134
388.0,23.933195028044885
389.0,18.13379358541914
390.0,19.961288358726573
391.0,20.834788256022566
392.0,19.310270484002235
393.0,22.14884497181288
394.0,20.37461131347782
395.0,18.389593515500472
396.0,16.828434685426707
397.0,18.102021479351258
398.0,18.97570450667029
399.0,21.571098724526006
400.0,21.18412256295269
401.0,21.602113537068206
402.0,16.088337105406392
403.0,19.560770485229643
404.0,16.69592781869631
405.0,21.492123852635963
406.0,22.908000345519085
407.0,19.888234923839907
408.0,22.167889158506053
409.0,17.970253851346683
410.0,20.365050901077215
411.0,22.414395667584493
412.0,20.593013089574733
413.0,22.213962793036295
414.0,23.172666549169588
415.0,18.12681211906749
416.0,20.068112153216884
417.0,20.887352523259
418.0,18.56165382600561
419.0,19.494558831933926
420.0,21.42328115990278
421.0,19.894503491259083
422.0,21.528971646843498
423.0,19.912237892063686
424.0,21.818089817882026
425.0,18.888268737098556
426.0,22.485695353646836
427.0,23.235368684706447
428.0,18.419363850428304
429.0,24.5228671104744
430.0,19.52463910633657
431.0,20.654433134640595
432.0,18.12553057477909
433.0,21.1602967374147
434.0,18.57309083889366
435.0,17.046021919676793
436.0,23.514869001650485
437.0,20.264798804068715
438.0,22.204910055180537
439.0,16.166416074946998
440.0,19.391867509886424
441.0,19.36425653191572
442.0,19.800384502060517
443.0,21.260463729958587
444.0,19.688013525701713
445.0,18.69755022437794
446.0,17.57151764996422
447.0,18.813233668979677
448.0,22.486859962473176
449.0,18.99971023546476
450.0,17.443013932410715
451.0,20.340789518371228
452.0,21.87276423611369
453.0,17.544287746156726
454.0,18.3998391950736
455.0,22.840008240447084
456.0,20.62365880307368
457.0,20.175659547380807
458.0,20.090166230333487
459.0,20.815505139398088
460.0,19.163093542228427
461.0,20.05109362050388
462.0,19.557392664816042
463.0,17.476772774736055
464.0,21.345025054551716
465.0,18.996558570559575
466.0,19.449445302542877
467.0,22.095812019479073
468.0,19.387000330355118
469.0,18.615921055258315
470.0,21.763645440215765
471.0,18.125885800171886
472.0,22.08966885691096
473.0,21.81590058562609
474.0,17.056178483386816
475.0,14.722094368830588
476.0,20.007751826730786
477.0,22.555757783468948
478.0,18.852584156541084
479.0,23.680548870977177
480.0,22.797856660651448
481.0,22.86444361992716
482.0,21.741068485054754
483.0,21.38152930625725
484.0,18.42817692373145
485.0,19.921044099396326
486.0,17.173624536768717
487.0,23.937611602579135
488.0,22.857867740475317
489.0,19.473804513936486
490.0,21.464151832256704
491.0,18.484627700577356
492.0,20.687747758899814
493.0,19.583589979895002
494.0,23.928802831226115
495.0,19.896896568746843
496.0,18.728791883038003
497.0,19.927073935239186
498.0,22.20219301489385
499.0,20.471770573177952
500.0,18.87836856389527
501.0,22.700181424647784
502.0,20.00524462727521
503.0,19.599959701931432
504.0,17.458747479258996
505.0,17.14222987893538
506.0,25.607560114765807
507.0,17.922240633892113
508.0,22.501378885592292
509.0,19.09028289812439
510.0,19.005814268761505
511.0,16.561684267459412
512.0,17.871125637347635
513.0,20.11662479170432
514.0,22.07169466644983
515.0,20.31056694308034
516.0,18.771178330678897
517.0,15.337572063383975
518.0,17.050876177229654
519.0,17.43828670669827
520.0,21.064540795001818
521.0,21.320659874595385
522.0,16.839460567170203
523.0,19.372536494994858
524.0,16.11791197623789
525.0,20.656264736907264
526.0,21.032487801481462
527.0,19.12282494616535
528.0,22.496129791579662
529.0,22.05724397666884
530.0,21.85621595739114
531.0,19.57770372407401
532.0,20.034074373575333
533.0,19.940821980040404
534.0,23.65944715927115
535.0,20.806079259255377
536.0,17.55275364827314
537.0,23.93301989433114
538.0,22.17453877482244
539.0,19.50264361112854
540.0,20.123492786842267
541.0,15.71730460220348
542.0,22.20146743686422
543.0,21.674515683575585
544.0,21.501376346099434
545.0,16.704462896744875
546.0,20.86657851334981
547.0,21.404164940377616
548.0,16.9736072056658
549.0,19.191200586939527
550.0,17.678066047785187
551.0,16.60626131682692
552.0,20.065859475256676
553.0,16.526683138007794
554.0,19.755553861294157
555.0,25.120769627808432
556.0,18.273867206176654
557.0,20.030244195409214
558.0,20.729472785139848
559.0,18.4404076714943
560.0,19.206205084433723
561.0,18.157740509586446
562.0,18.17741648715273
563.0,16.45774316678072
564.0,19.791813428716324
565.0,18.510295450016496
566.0,19.551449485194325
567.0,15.061644876668403
568.0,21.924215270094532
569.0,20.311646894865113
570.0,17.428329923440955
571.0,20.91360586901375
572.0,19.88322113737717
573.0,16.398831375414943
574.0,23.82446367845181
575.0,21.03504411602855
576.0,19.78299537426458
577.0,19.562691543969063
578.0,20.93990070626471
579.0,21.629673633886316
580.0,19.086589088710888
581.0,17.258285066915608
582.0,17.631377996349386
583.0,19.067649156961714
584.0,17.904577048306017
585.0,18.686407582867528
586.0,20.489144903446405
587.0,23.82298179785162
588.0,19.673293440147102
589.0,19.629604440209874
590.0,23.53513416983655
591.0,17.9168830963285
592.0,20.25033829441677
593.0,15.62250745718495
594.0,17.25824666626441
595.0,19.95070989405427
596.0,20.871377150679162
597.0,18.63155279956256
598.0,21.294457947493868
599.0,20.32501592706176
600.0,20.79690078715235
601.0,18.200788428468233
602.0,19.343676058110287
603.0,18.668373169285882
604.0,19.293155118083718
605.0,22.49056254615295
606.0,18.553024170139103
607.0,18.32383143508146
608.0,18.843931186492213
609.0,20.46139168354974
610.0,19.4447811110707
611.0,18.508782802985806
612.0,20.664259115923606
613.0,19.020706803509125
614.0,19.217671535069826
615.0,18.015332562481017
616.0,19.72857458335277
617.0,21.286196827599625
618.0,20.658693446573416
619.0,18.705177800186988
620.0,22.016930765117603
621.0,18.394333180013696
622.0,18.479788987410643
623.0,17.180341302073707
624.0,18.97561420972054
625.0,22.786841933084375
626.0,19.180230198071634
627.0,21.315668244320783
628.0,22.9903251759393
629.0,19.53404987950074
630.0,22.25300298713455
631.0,18.019214495428226
632.0,20.903488226338908
633.0,17.308594376176103
634.0,20.699895869421127
635.0,21.064742919302283
636.0,17.737841265557478
637.0,22.779351993549337
638.0,16.322782934220868
639.0,16.47815260657836
640.0,21.820690164141887
641.0,20.939687218314365
642.0,19.524225632517503
643.0,20.086339013148763
644.0,20.629226564716138
645.0,17.023529417439164
646.0,18.984597032604288
647.0,16.735277600872728
648.0,19.88163865215861
649.0,23.115764607257248
650.0,19.194505518637673
651.0,19.782576376059183
652.0,21.18340277170291
653.0,24.003571777539914
654.0,18.819725409396312
655.0,19.294579313877193
656.0,19.69454738920422
657.0,18.407030219316994
658.0,17.914077316590816
659.0,20.252496286656836
660.0,21.253515457708335
661.0,16.37591674921014
662.0,18.31999051426998
663.0,20.920336217955768
664.0,18.07448866160525
665.0,20.38675224162934
666.0,19.59761426363816
667.0,22.126823284912014
668.0,17.055625122281143
669.0,19.736009282456344
670.0,15.60647553781057
671.0,18.24977501235625
672.0,19.053814495535416
673.0,21.409767499100216
674.0,19.806571083348825
675.0,19.730824078120282
676.0,24.0986965118408
677.0,19.401474755845822
678.0,17.15990198273612
679.0,19.760450026292144
680.0,20.847989708431413
681.0,16.709795346202938
682.0,20.511892999486754
683.0,20.866598234453477
684.0,20.47130026782864
685.0,20.283809292953496
686.0,21.50801171305372
687.0,20.681794183539726
688.0,19.742424148380238
689.0,22.42258179523575
690.0,19.967014166965026
691.0,19.3561301965036
692.0,21.86739769780463
693.0,20.310998856697964
694.0,20.880028408953713
695.0,24.585144618160047
696.0,19.61763836206184
697.0,18.79661859583012
698.0,19.282921072754277
699.0,18.16095596932613
700.0,24.879645000183782
701.0,19.865678369587272
702.0,20.498456101750143
703.0,21.457858408665412
704.0,19.14875923298288
705.0,19.410535427398038
706.0,20.792956843321548
707.0,21.07260663375193
708.0,18.38879812864982
709.0,22.650491461864213
710.0,19.006030065327366
711.0,19.40595622321273
712.0,25.554381843158453
713.0,23.010769879438087
714.0,19.77825606070503
715.0,16.41934447929092
716.0,25.917280471714392
717.0,19.487613056268742
718.0,18.519398698334292
719.0,21.038794478916973
720.0,22.095304921408445
721.0,21.203663177686956
722.0,21.827646741952748
723.0,19.962554145213804
724.0,18.909259195298922
725.0,19.171361827524436
726.0,22.617732786131885
727.0,19.808482506575
728.0,22.600718337700716
729.0,19.812762950719122
730.0,21.18691050755723
731.0,19.837864108767356
732.0,21.222629013133915
733.0,18.322167819832224
734.0,19.100448570068686
735.0,17.21992856758662
736.0,20.230684283852057
737.0,19.028615925350806
738.0,22.165555330414552
739.0,19.19209276335817
740.0,22.32593253246223
741.0,22.221261313349398
742.0,18.273126163621875
743.0,21.03273871412703
744.0,20.704023068941055
745.0,22.145118164780442
746.0,22.083365059368003
747.0,18.898465822183383
748.0,21.47142981464462
749.0,22.321995962366174
750.0,23.424408035736583
751.0,18.252052637327537
752.0,22.598593144754595
753.0,18.519868318954053
754.0,17.78150345780431
755.0,23.72096594394136
756.0,19.62385970924395
757.0,22.395116379617477
758.0,21.20414066662163
759.0,20.218698908781494
760.0,18.018468266795118
761.0,20.325677567819994
762.0,20.177048296927882
763.0,16.944404770337762
764.0,19.707284767914192
765.0,21.992933567320694
766.0,19.41316190093004
767.0,20.37882617795143
768.0,19.9475364752607
769.0,22.297555345404618
770.0,18.086917993503743
771.0,22.265941307511273
772.0,20.733675710596415
773.0,20.592559050709283
774.0,19.832686875024624
775.0,20.48733307853224
776.0,22.131051646202145
777.0,19.73999272142218
778.0,19.83950414063585
779.0,21.47549842627297
780.0,19.564168638048923
781.0,19.786725121670074
782.0,15.61274917366363
783.0,18.554064481809267
784.0,21.610951114528085
785.0,19.901861437578017
786.0,22.398246567254688
787.0,21.451472163577208
788.0,20.59115252996608
789.0,19.17313219492118
790.0,22.02521316558228
791.0,24.166109551645985
792.0,19.685207435009723
793.0,18.993358521457807
794.0,17.928822038596394
795.0,20.55692253331066
796.0,17.24887099512461
797.0,19.932315391616445
798.0,21.48314150347378
799.0,22.48848164835655
800.0,18.69862816274606
801.0,19.451585780117586
802.0,22.327529622123432
803.0,21.260135053712176
804.0,21.93114785988281
805.0,21.25931693092504
806.0,21.56908388089696
807.0,20.378189745442718
808.0,21.12544989757858
809.0,22.69704416960792
810.0,19.294016346399324
811.0,19.855416078548288
812.0,20.971001714815927
813.0,22.723598022558782
814.0,17.71470190543146
815.0,21.10193798150034
816.0,24.413473945475616
817.0,21.16865918075599
818.0,20.224829087858996
819.0,22.701775469060163
820.0,17.630192923627128
821.0,18.86911429009811
822.0,21.04960975017655
823.0,18.85374641505473
824.0,21.156633485054083
825.0,19.535066457147494
826.0,16.61834684748554
827.0,20.58083370228694
828.0,21.22526044731672
829.0,17.457954810885635
830.0,19.053853082594337
831.0,18.74755040865794
832.0,25.693116440591037
833.0,21.798401607503916
834.0,18.920788697311327
835.0,22.482742931514018
836.0,15.824709547094379
837.0,22.695505610413566
838.0,19.77204990566756
839.0,17.70474147080641
840.0,21.7261815967259
841.0,20.17196856281531
842.0,16.614080248123656
843.0,22.951675052943543
844.0,22.054043224941637
845.0,22.35810447783475
846.0,20.11844125788607
847.0,19.025258307137925
848.0,20.128877367101854
849.0,19.5140117304802
850.0,16.159911693632942
851.0,16.71262607816902
852.0,23.42994691969397
853.0,20.3671874619223
854.0,20.391755746745766
855.0,18.835917763527505
856.0,19.575754164828012
857.0,22.498803485843283
858.0,19.517010632642428
859.0,18.98975215826817
860.0,20.347637776947355
861.0,18.64875439835915
862.0,18.557414574952787
863.0,20.64847252726513
864.0,19.15139129654584
865.0,19.762662991174984
866.0,18.51201081502661
867.0,15.853399925743968
868.0,18.258460510885804
869.0,19.72210867921003
870.0,20.572564990180204
871.0,20.340532506293215
872.0,20.915268799833164
873.0,18.5731803250516
874.0,22.344028332832696
875.0,21.05823767235775
876.0,19.722480460514937
877.0,17.978665418134568
878.0,16.489324230156665
879.0,18.606717297750112
880.0,16.130964124988655
881.0,18.782982917460952
882.0,16.268715192765097
883.0,23.920990601091017
884.0,19.028627184879554
885.0,17.991408659077305
886.0,21.77058955089396
887.0,24.08767003600816
888.0,21.409422245711884
889.0,20.151876172311294
890.0,20.66423217320976
891.0,20.955479990521678
892.0,20.780996126333815
893.0,25.269989237363664
894.0,17.175533346677206
895.0,17.951969668922708
896.0,20.3318822778609
897.0,17.134626595224187
898.0,18.287656978809824
899.0,22.98283149728757
900.0,19.030062404817876
901.0,19.4081773100512
902.0,19.525463177091833
903.0,16.44508783303635
904.0,20.304103215724584
905.0,19.96716297581138
906.0,18.60089404325252
907.0,21.548771312941557
908.0,18.127854114086823
909.0,17.185127637380713
910.0,17.80172725190078
911.0,17.81622765314154
912.0,17.574157735744485
913.0,19.902737934175764
914.0,19.387377703796002
915.0,18.654621797090392
916.0,19.976731077994128
917.0,18.646554256776867
918.0,16.300214090238097
919.0,21.322552435212305
920.0,19.652475280314707
921.0,20.809819652455293
922.0,16.458119623491335
923.0,22.419177813183666
924.0,18.701188824163108
925.0,21.734569507821636
926.0,20.70798251139388
927.0,23.78012019745652
928.0,21.802928853991208
929.0,18.65404648202585
930.0,20.58464376162123
931.0,19.182597559716022
932.0,19.29362875229257
933.0,19.387647956260725
934.0,18.378552099305182
935.0,19.702187208408866
936.0,21.78155073773683
937.0,20.073851446823248
938.0,16.803060215943468
939.0,19.502645390169427
940.0,18.55899809072093
941.0,20.027112431106744
942.0,20.33346108228897
943.0,22.822053190637597
944.0,24.59062140064806
945.0,21.42876528263611
946.0,20.368748151400666
947.0,22.325941908511314
948.0,21.382644554722642
949.0,21.911868023642732
950.0,19.71681233065115
951.0,17.37642703079142
952.0,22.61870986317964
953.0,20.017790557812088
954.0,17.878419978806345
955.0,20.683085631278985
956.0,21.04226263037389
957.0,18.50647595448531
958.0,21.071597345966282
959.0,19.568540310489848
960.0,18.752357860250815
961.0,22.453145714561995
962.0,22.13238063930386
963.0,23.08223774281997
964.0,21.50542304671574
965.0,24.83555880576009
966.0,21.629626365355072
967.0,19.961353454182753
968.0,20.39560134913025
969.0,19.138768522324035
970.0,23.036743218018866
971.0,19.058183618628075
972.0,21.06727153851818
973.0,18.03558837361949
974.0,18.041110477079755
975.0,21.811062436733337
976.0,20.918501705238803
977.0,22.224037328310093
978.0,21.54202220418267
979.0,19.788742229533227
980.0,21.127433740029563
981.0,18.621853135896146
982.0,16.28345720378826
983.0,22.863886282433505
984.0,19.430802512833555
985.0,20.553639927811737
986.0,21.324849954332752
987.0,20.026816030250576
988.0,20.164497697199646
989.0,15.876956992759737
990.0,20.71090641772569
991.0,22.32649817176168
992.0,17.541655640036684
993.0,20.0213012673504
994.0,19.507267304239296
995.0,19.39443587571511
996.0,14.47272604507982
997.0,20.812043758233703
998.0,22.512072825989968
999.0,20.98612492701887
1000.0,22.053031131319106
1001.0,22.320924961020104
1002.0,21.32687652510429
1003.0,21.293119187724905
1004.0,19.661140793328826
1005.0,18.776455116741595
1006.0,19.548837166901762
1007.0,23.291502838913058
1008.0,19.55851038457024
1009.0,19.78226200770263
1010.0,16.89903074396613
1011.0,18.236581709525183
1012.0,20.470905266657166
1013.0,20.349802867705957
1014.0,21.031525960691614
1015.0,20.73129259989559
1016.0,17.762903856467336
1017.0,22.246110629299725
1018.0,19.433495269893665
1019.0,23.24478371418393
1020.0,21.829151584361256
1021.0,19.952209853625995
1022.0,19.960069655430917
1023.0,19.80459371893783
1024.0,17.691852607526496
1025.0,21.28776587332228
1026.0,22.658360324858545
1027.0,18.447129627433938
1028.0,22.242099990181156
1029.0,18.568234030630414
1030.0,19.047279309300986
1031.0,19.75394933790238
1032.0,17.16289919766737
1033.0,17.146140460812788
1034.0,18.423131785902836
1035.0,18.60158191004954
1036.0,21.773891714412837
1037.0,19.363859630508983
1038.0,19.349943781336894
1039.0,24.125014325961192
1040.0,15.654613519590319
1041.0,21.86974768161202
1042.0,18.77110713774621
1043.0,18.554150081529833
1044.0,22.053641553321498
1045.0,19.998892759562445
1046.0,20.93130478910907
1047.0,20.44590472793494
1048.0,20.29077541398587
1049.0,22.166497585785482
1050.0,22.114380690889945
1051.0,20.468312321695773
1052.0,18.651079815943497
1053.0,22.234054526000847
1054.0,17.89876792274126
1055.0,21.351647959553734
1056.0,20.75507534172607
1057.0,20.920853373675595
1058.0,19.35171386379062
1059.0,17.372368666830837
1060.0,19.595742708014317
1061.0,19.66239074084348
1062.0,19.453917813371792
1063.0,20.45072014092416
1064.0,18.644778149417725
1065.0,17.328075585547495
1066.0,18.295514044338237
1067.0,19.724493960297274
1068.0,18.33434058291288
1069.0,19.68323364326323
1070.0,21.959193277973778
1071.0,17.901039906718857
1072.0,25.120125890095633
1073.0,22.25549672653547
1074.0,20.67432449040688
1075.0,19.265637771924876
1076.0,20.469546276141866
1077.0,23.024899172819133
1078.0,19.17357189491252
1079.0,21.00005780697993
1080.0,19.64431839446773
1081.0,20.669766572821054
1082.0,20.162994105979205
1083.0,16.886214023944177
1084.0,18.38918322361114
1085.0,14.947919703015426
1086.0,19.751536833602508
1087.0,19.929229429527652
1088.0,20.993654105317898
1089.0,24.087045372811332
1090.0,18.28701721713162
1091.0,22.38348275399579
1092.0,17.22881553544201
1093.0,19.720964077739108
1094.0,15.795845422525847
1095.0,24.60562188800538
1096.0,19.02813021800011
1097.0,17.788010323976383
1098.0,19.722444285351013
1099.0,19.7298049464565
1100.0,16.84846964102257
1101.0,21.457681012943837
1102.0,19.18265108552647
1103.0,17.124875183876643
1104.0,21.15040977530294
1105.0,23.882727085133933
1106.0,21.02148463239688
1107.0,20.780570394510722
1108.0,20.499476776981655
1109.0,18.2090382059965
1110.0,17.628492177774614
1111.0,20.001801192550264
1112.0,14.662228462517529
1113.0,22.407580619590053
1114.0,20.930132834008262
1115.0,21.14234790380225
1116.0,17.181687535497694
1117.0,20.204664605762893
1118.0,21.08432203453024
1119.0,20.75765371932014
1120.0,21.420345436170393
1121.0,21.86172772713152
1122.0,15.871095293370335
1123.0,20.613221867503192
1124.0,17.643380623691804
1125.0,23.01543807943873
1126.0,20.431147688654352
1127.0,19.461060138332726
1128.0,19.476625468744714
1129.0,17.279663984461845
1130.0,21.1680241550255
1131.0,20.7489352201511
1132.0,18.636211644802394
1133.0,19.200306057671543
1134.0,17.602650142379744
1135.0,22.168974099513953
1136.0,20.238616498935897
1137.0,19.172968819045145
1138.0,21.62016613445672
1139.0,21.960526652999153
1140.0,21.452975252212
1141.0,16.522246065254258
1142.0,16.00126159086549
1143.0,16.561950855776995
1144.0,19.786487483621254
1145.0,20.39485420444259
1146.0,18.608712663344768
1147.0,19.81665226249275
1148.0,18.235690056867554
1149.0,20.75331847033827
1150.0,19.194122030236837
1151.0,22.534191385811205
1152.0,19.293151955944328
1153.0,19.6391297799737
1154.0,23.112274037415993
1155.0,21.198094531767534
1156.0,22.618029853310965
1157.0,19.445501942056175
1158.0,20.165244257125472
1159.0,19.586683296528363
1160.0,21.72250868562478
1161.0,18.683269849870747
1162.0,19.364351504196364
1163.0,18.544805406070655
1164.0,17.67546424859881
1165.0,22.509525478426387
1166.0,20.887902879424214
1167.0,21.66572265286036
1168.0,21.857714796426205
1169.0,19.301103982887668
1170.0,18.780316238943588
1171.0,17.3827963245774
1172.0,20.600258310529348
1173.0,18.21519080193543
1174.0,16.726645697742505
1175.0,20.345566604556087
1176.0,22.5308748412332
1177.0,18.582017461968224
1178.0,20.61286497477881
1179.0,19.286902134421926
1180.0,20.252390562448454
1181.0,19.494840484880285
1182.0,19.926572653952203
1183.0,18.339466600704466
1184.0,19.72575250717089
1185.0,17.491517542089028
1186.0,18.493098496628747
1187.0,18.335194159797148
1188.0,21.51467939925168
1189.0,21.71216829765309
1190.0,21.55280338550283
1191.0,21.98872263561006
1192.0,20.066388922773825
1193.0,20.489598649164083
1194.0,22.001316681332433
1195.0,19.148561668322355
1196.0,20.56994894454057
1197.0,18.30349855263671
1198.0,19.407341690757185
1199.0,20.92130557340256
1200.0,20.924066559590624
1201.0,20.271760125457035
1202.0,19.539043723416917
1203.0,22.758824054374614
1204.0,19.763624535745095
1205.0,16.921004316745965
1206.0,19.754926683383967
1207.0,23.068822001213686
1208.0,17.390526784707728
1209.0,21.590007621344608
1210.0,20.714362472107236
1211.0,21.631646139932222
1212.0,18.328765255460443
1213.0,22.535230573821558
1214.0,23.394712519236005
1215.0,15.858877053465964
1216.0,22.53200555155015
1217.0,21.730612876516233
1218.0,21.09845658064349
1219.0,19.946341341622162
1220.0,16.968119792502357
1221.0,17.438122655118576
1222.0,20.05232529024916
1223.0,22.133508249779407
1224.0,22.280808665643807
1225.0,22.585388095735
1226.0,17.084685694723895
1227.0,19.008945018115792
1228.0,16.90304789735765
1229.0,20.247030641568514
1230.0,23.718928933046072
1231.0,21.158325916454835
1232.0,23.108322991362275
1233.0,21.23612347171787
1234.0,16.90939117096208
1235.0,18.310424609921764
1236.0,17.976552705805116
1237.0,20.727051422010465
1238.0,19.478067425740157
1239.0,19.959414059744358
1240.0,17.8880176744844
1241.0,18.029667233054333
1242.0,19.969610381882276
1243.0,21.81006163884918
1244.0,21.54677781572946
1245.0,18.555949238799847
1246.0,18.80100030747153
1247.0,18.174356493381175
1248.0,18.861827451958632
1249.0,21.704661784131066
1250.0,21.085305975543797
1251.0,21.719813805580543
1252.0,18.098766063339617
1253.0,18.436648378860376
1254.0,18.624216826876967
1255.0,18.77662705230483
1256.0,21.42335863100638
1257.0,21.9591947364424
1258.0,17.129431654490993
1259.0,15.408156796551513
1260.0,19.385908861061026
1261.0,22.230919286991135
1262.0,24.22886148931451
1263.0,20.62584974734776
1264.0,19.683478225516478
1265.0,16.940763391781296
1266.0,22.393611549444056
1267.0,17.16131912714787
1268.0,21.25473770364786
1269.0,21.39892067830581
1270.0,21.89006435693376
1271.0,19.78835927916813
1272.0,21.63247092455132
1273.0,20.039877295951545
1274.0,20.093753098025296
1275.0,22.362191456222313
1276.0,20.429254734363294
1277.0,14.100823318101586
1278.0,17.205819606473614
1279.0,23.75571175200391
1280.0,23.659328095433374
1281.0,20.23960926188343
1282.0,17.975102557291816
1283.0,20.35504153670516
1284.0,15.84976767118323
1285.0,21.350092162267202
1286.0,15.003709425578304
1287.0,22.303881380538595
1288.0,20.780169184295644
1289.0,21.302165030158072
1290.0,18.805247954785163
1291.0,18.296656816824232
1292.0,19.09777338862642
1293.0,19.016608101012242
1294.0,21.426374877198132
1295.0,19.108476515775198
1296.0,19.910235251362256
1297.0,18.319427217913457
1298.0,21.777566349390593
1299.0,20.711016966665348
1300.0,17.598721275639775
1301.0,18.727715534400037
1302.0,17.678379685292747
1303.0,20.129985685552118
1304.0,19.403262235487563
1305.0,16.891098953059604
1306.0,22.16348527968926
1307.0,22.138830242398814
1308.0,17.038341424567964
1309.0,20.071168140824856
1310.0,19.794129070997823
1311.0,21.053728736735234
1312.0,20.16678866044707
1313.0,20.001715678990365
1314.0,21.57779865027612
1315.0,19.482461608348007
1316.0,20.987660125411143
1317.0,19.553400345712202
1318.0,22.88323152905709
1319.0,17.057797802870752
1320.0,18.827526108374318
1321.0,16.842629516815276
1322.0,16.916422954425528
1323.0,17.825660697972204
1324.0,17.55441753573485
1325.0,18.951875252108998
1326.0,19.35534404520449
1327.0,19.416915165503784
1328.0,18.123294427261044
1329.0,17.956826976354805
1330.0,16.97215081148511
1331.0,22.826993039762115
1332.0,19.270123916605836
1333.0,19.263391409831954
1334.0,17.531309461475004
1335.0,21.451448423026733
1336.0,20.39501015797611
1337.0,19.308440358238734
1338.0,21.784127746673317
1339.0,22.0273161365629
1340.0,22.23846108658733
1341.0,22.054528562056078
1342.0,23.46454944392706
1343.0,18.328403750964807
1344.0,20.601388739814276
1345.0,22.514744667469756
1346.0,20.26452937633173
1347.0,20.580086712402252
1348.0,21.216136486440952
1349.0,18.029133756168807
1350.0,22.637005236911463
1351.0,19.94891644073379
1352.0,18.698815836434722
1353.0,21.12594689344031
1354.0,18.257285375095634
1355.0,22.961852252382485
1356.0,18.929218014322696
1357.0,22.834350235670765
1358.0,19.13372537180618
1359.0,18.579060263350126
1360.0,20.95532841837764
1361.0,17.30696782581332
1362.0,21.77878948449354
1363.0,22.681704823222642
1364.0,17.569493482325967
1365.0,16.54742639876722
1366.0,17.933021044122725
1367.0,17.19904622264214
1368.0,20.91468278141455
1369.0,20.04500675659732
1370.0,18.466226382054256
1371.0,22.747942405993484
1372.0,19.5396176445679
1373.0,18.46519272557042
1374.0,22.098041251030498
1375.0,21.203220762932556
1376.0,18.074818037533625
1377.0,22.631636546123428
1378.0,18.224012239205692
1379.0,20.76677748118216
1380.0,18.707505129831265
1381.0,19.331081406716265
1382.0,17.848307660499675
1383.0,20.187829199718152
1384.0,19.360659450513438
1385.0,19.917406632255663
1386.0,23.37473588868119
1387.0,20.562610535396857
1388.0,16.76697383855169
1389.0,20.635760147002788
1390.0,20.801269605118616
1391.0,20.091798611642815
1392.0,21.301907461620686
1393.0,20.459578761031164
1394.0,18.19162894908699
1395.0,17.59598679041508
1396.0,19.935997770299398
1397.0,17.7083384480222
1398.0,17.487634442813064
1399.0,19.471529367178498
1400.0,17.7970829207807
1401.0,18.727810399058587
1402.0,19.893089568176368
1403.0,19.45791018771841
1404.0,22.19635588813839
1405.0,20.305263031340864
1406.0,20.127748789755373
1407.0,20.263292261731717
1408.0,22.03704888880595
1409.0,16.565408965433576
1410.0,20.485806801412913
1411.0,21.073691563085006
1412.0,20.846221302476774
1413.0,20.400270084518894
1414.0,18.518608379345334
1415.0,17.80501318614215
1416.0,17.972971730211697
1417.0,19.342758737830415
1418.0,21.989317449466895
1419.0,19.559143265269135
1420.0,19.46688045032374
1421.0,22.763894029167677
1422.0,20.114744120111254
1423.0,23.46311290945602
1424.0,18.747864767078177
1425.0,22.802073457652497
1426.0,20.744035585220573
1427.0,21.395604845829137
1428.0,21.535006942157587
1429.0,21.598394076499357
1430.0,22.814234818844657
1431.0,19.597929406372838
1432.0,22.432432220404017
1433.0,19.49862610947483
1434.0,21.180321045367524
1435.0,19.245801175841475
1436.0,20.51594567643932
1437.0,17.778702349131883
1438.0,15.898159864627836
1439.0,20.83515350594528
1440.0,20.47624413904373
1441.0,21.247956105337863
1442.0,23.407841516188114
1443.0,20.454615606996317
1444.0,17.624510801970487
1445.0,22.866650956372382
1446.0,19.53977024266561
1447.0,21.79339165853908
1448.0,19.997467918704388
1449.0,20.055160829116943
1450.0,21.467768024732504
1451.0,18.359176726099076
1452.0,20.774916136628587
1453.0,15.171619543151447
1454.0,22.068398315288704
1455.0,20.230453866169352
1456.0,17.320327171709238
1457.0,20.10124552472215
1458.0,20.82112345371281
1459.0,16.076888487397877
1460.0,18.207489298924724
1461.0,18.810994706193096
1462.0,19.689541261942765
1463.0,17.24124526050388
1464.0,17.589746458149648
1465.0,20.093977179207478
1466.0,24.549551624039474
1467.0,20.742581346202304
1468.0,21.45793358968694
1469.0,19.598988805320637
1470.0,19.136394605128174
1471.0,20.99906518218683
1472.0,18.639422110506878
1473.0,17.105543118796565
1474.0,17.266384081130663
1475.0,19.878304699771245
1476.0,23.16564668596492
1477.0,18.377038637082116
1478.0,23.29478010923178
1479.0,19.780145839921133
1480.0,23.748049136121693
1481.0,20.6845010083541
1482.0,20.39053073692757
1483.0,21.879216256096825
1484.0,22.83939927234244
1485.0,20.15864647104573
1486.0,22.10988666735372
1487.0,16.738631986001156
1488.0,18.850059185086497
1489.0,18.610585010457886
1490.0,22.14522443247112
1491.0,23.004558592427017
1492.0,18.67328007171492
1493.0,19.750572573999047
1494.0,18.374045364422702
1495.0,24.792707702650407
1496.0,19.301244536836684
1497.0,20.602892159705984
1498.0,17.684566574851022
1499.0,22.45682970119908
1500.0,20.22095269429969
1501.0,21.0962335555206
1502.0,23.741374054479266
1503.0,16.347624420226452
1504.0,19.532351410417142
1505.0,21.682837554138874
1506.0,17.716114928055866
1507.0,22.04994107550507
1508.0,19.349793834418154
1509.0,20.18992988997255
1510.0,20.755565813604257
1511.0,20.423439630809426
1512.0,20.0917170119597
1513.0,21.04187034750898
1514.0,18.27158053651286
1515.0,19.554824805047048
1516.0,22.3498278449708
1517.0,18.946137828076655
1518.0,21.865997758403594
1519.0,17.820892083078377
1520.0,22.264585180307268
1521.0,18.787653814269827
1522.0,21.064365636346515
1523.0,18.078734668810124
1524.0,18.85512630415454
1525.0,19.557614816995564
1526.0,20.943468914204015
1527.0,20.8081703423241
1528.0,19.36703440592493
1529.0,19.773799609664113
1530.0,21.046718695888462
1531.0,19.114224516275645
1532.0,20.156184250123545
1533.0,22.20749903326514
1534.0,18.313036618084265
1535.0,21.615208324233357
1536.0,20.85439964736585
1537.0,21.778338348232076
1538.0,22.671286830356713
1539.0,15.228994966923317
1540.0,17.94502198543582
1541.0,18.945702486903773
1542.0,22.382283267446844
1543.0,21.493554507529236
1544.0,17.82250474352299
1545.0,19.574507355887715
1546.0,21.579516092616647
1547.0,20.402814967410897
1548.0,18.840010397886008
1549.0,22.56321496991304
1550.0,22.214382562078683
1551.0,22.677359604713775
1552.0,16.546232965898408
1553.0,21.24590757851352
1554.0,20.75225083563851
1555.0,19.53941655590943
1556.0,19.750192836907228
1557.0,19.604983483540114
1558.0,20.14789762601459
1559.0,19.23325063896924
1560.0,21.077310726611973
1561.0,19.063646651487545
1562.0,19.654940851096857
1563.0,19.604023074120175
1564.0,18.855643096734497
1565.0,21.006312789690142
1566.0,21.625032943528534
1567.0,20.838753936437076
1568.0,23.13700534609225
1569.0,15.037532074057578
1570.0,20.30039334127973
1571.0,19.877644941358568
1572.0,17.474412101730813
1573.0,25.191360129248203
1574.0,22.088433417933338
1575.0,22.433935411710607
1576.0,19.64243169750334
1577.0,17.703082376499506
1578.0,22.471907817539897
1579.0,19.646751188085837
1580.0,17.875808007485936
1581.0,22.194069895127246
1582.0,19.029859684703492
1583.0,16.471005228852718
1584.0,17.932520621841338
1585.0,21.59586513947253
1586.0,20.564579210146167
1587.0,21.9709602099456
1588.0,21.623563428981797
1589.0,16.684304453375304
1590.0,21.327445967213052
1591.0,20.59094916956258
1592.0,21.554163796414098
1593.0,21.941179716742237
1594.0,21.51079450397531
1595.0,16.223953519196478
1596.0,16.36984220768861
1597.0,22.760614131047628
1598.0,20.158113004515133
1599.0,21.26548448564454
1600.0,22.53577332633359
1601.0,21.782299148367215
1602.0,20.80231046800915
1603.0,20.85711844296991
1604.0,19.485737119191878
1605.0,20.94981839408323
1606.0,19.291552554332743
1607.0,21.986348247873156
1608.0,21.058348953073967
1609.0,18.609819632364456
1610.0,21.668128361557876
1611.0,19.4383445141506
1612.0,20.46615830352552
1613.0,20.13129156441471
1614.0,23.7071282525387
1615.0,23.990925307481557
1616.0,20.07889013467378
1617.0,20.74165094195318
1618.0,23.119163715054093
1619.0,20.981283612174046
1620.0,18.959842448532314
1621.0,19.91610250289112
1622.0,22.589214547005035
1623.0,22.126097264636297
1624.0,17.768844075136172
1625.0,21.055952503520118
1626.0,20.83550861383978
1627.0,19.07115617737536
1628.0,20.977736374869227
1629.0,22.58066016695028
1630.0,18.210323166991806
1631.0,20.858518583619134
1632.0,23.676755043745874
1633.0,20.016265723485596
1634.0,24.583041749120376
1635.0,21.520090260520266
1636.0,18.68849051081641
1637.0,18.724533699226118
1638.0,17.853050469746538
1639.0,20.654514708272824
1640.0,23.215648685908977
1641.0,21.347543069280103
1642.0,25.343876352414945
1643.0,17.05598113032733
1644.0,19.297587590003683
1645.0,20.013249423122822
1646.0,21.73788353210479
1647.0,21.984632948188427
1648.0,23.88592960364537
1649.0,21.261275901498323
1650.0,20.801804712907767
1651.0,19.4326012372287
1652.0,20.380140729988984
1653.0,22.70019888672757
1654.0,20.074545447957956
1655.0,21.194266146326868
1656.0,20.396932468482976
1657.0,21.57469671160672
1658.0,18.52852632521099
1659.0,18.132144784017267
1660.0,19.79221593840541
1661.0,21.5277159531582
1662.0,18.40692669604522
1663.0,16.791416672892552
1664.0,20.855489535553485
1665.0,19.994844979765254
1666.0,19.370260526158063
1667.0,19.89256882541526
1668.0,21.893881882796578
1669.0,17.810637334961328
1670.0,16.370758818468307
1671.0,20.394711707812696
1672.0,20.69839967905831
1673.0,19.137077231123836
1674.0,18.32113394779994
1675.0,20.278038443095387
1676.0,21.36097279983331
1677.0,18.21778495794817
1678.0,17.286257296335933
1679.0,19.75509500901504
1680.0,19.737204633011835
1681.0,21.94217624320712
1682.0,18.75771384048329
1683.0,21.562323574092893
1684.0,20.9500273250883
1685.0,19.20982564249202
1686.0,18.88136988225387
1687.0,20.128713080202683
1688.0,19.116159604790365
1689.0,18.66525442123508
1690.0,20.332143193090594
1691.0,23.7854992313244
1692.0,22.780702944948082
1693.0,17.708854592283778
1694.0,19.36166928647526
1695.0,19.0975143241146
1696.0,19.916399318805365
1697.0,19.723862271647832
1698.0,12.254817541393184
1699.0,18.814258623500457
1700.0,16.22069240062146
1701.0,15.350195505134515
1702.0,23.285427613883186
1703.0,22.174555475917018
1704.0,20.969928605999435
1705.0,23.03037589949759
1706.0,19.83691687967945
1707.0,18.741815467701596
1708.0,18.1135057601987
1709.0,19.827895000082975
1710.0,15.936184702100775
1711.0,18.81231158360143
1712.0,22.908870503432556
1713.0,23.781058260235458
1714.0,17.28059379134155
1715.0,19.754686600534303
1716.0,19.365307017971755
1717.0,18.60498824777423
1718.0,18.0617997977214
1719.0,17.335175881834108
1720.0,18.854049322134312
1721.0,19.177648080388607
1722.0,18.94016238090692
1723.0,24.836046881769953
1724.0,21.37196472238627
1725.0,20.200036950402758
1726.0,18.25334156912739
1727.0,21.847124539835082
1728.0,24.174255780997136
1729.0,21.524885432241433
1730.0,22.34206568794339
1731.0,17.706167331139454
1732.0,19.847962562339394
1733.0,22.242570714302886
1734.0,20.41640508453399
1735.0,20.498078559961996
1736.0,18.34790873258368
1737.0,20.888183085010017
1738.0,18.72542718843639
1739.0,18.815323368231848
1740.0,24.05665712514724
1741.0,17.16403926776854
1742.0,21.907340397605424
1743.0,21.238982294151754
1744.0,18.826327572700873
1745.0,21.048731797701777
1746.0,19.548889991231043
1747.0,21.408794854606118
1748.0,18.155892848203695
1749.0,19.838950011245412
1750.0,19.496741469975483
1751.0,21.533126591400162
1752.0,21.687693583724133
1753.0,22.058018123552735
1754.0,19.31603185530657
1755.0,19.090687405873208
1756.0,17.235430659184715
1757.0,22.428482937880947
1758.0,22.73693443207065
1759.0,19.121943772889587
1760.0,23.25967345090737
1761.0,19.948949495242275
1762.0,19.850715241742975
1763.0,20.65973098141428
1764.0,18.28317601975564
1765.0,20.305362852901354
1766.0,20.56854366472624
1767.0,21.77010477355798
1768.0,15.361665662112678
1769.0,19.560889322805114
1770.0,19.500293930275127
1771.0,19.096988800841583
1772.0,19.96387984849945
1773.0,21.03275379275501
1774.0,21.94584024438967
1775.0,20.20489143943969
1776.0,22.011674715099844
1777.0,22.215761214354973
1778.0,23.376954043373672
1779.0,20.032963881919986
1780.0,17.66388218372832
1781.0,19.398854983795626
1782.0,17.908311948768425
1783.0,18.044820708458555
1784.0,19.90035614766272
1785.0,21.98972324395072
1786.0,21.3144323409134
1787.0,17.117972549705666
1788.0,20.791486484975874
1789.0,23.589868033650138
1790.0,19.321485178890576
1791.0,18.712935013404397
1792.0,17.233235048829833
1793.0,17.193308855263695
1794.0,16.658148478764517
1795.0,22.748217065179613
1796.0,20.095572486166148
1797.0,17.918436879905588
1798.0,21.02098035213913
1799.0,22.02200552954047
1800.0,19.57352210420537
1801.0,20.439184608136763
1802.0,19.374099750459983
1803.0,20.692231449964094
1804.0,20.625756543466103
1805.0,20.706143175899314
1806.0,20.23636100003503
1807.0,24.17407660343186
1808.0,21.30331706535172
1809.0,18.51387667624466
1810.0,19.432961996440238
1811.0,19.86658343649296
1812.0,22.618481816590297
1813.0,20.95520378448902
1814.0,23.99187015667708
1815.0,21.898320085218973
1816.0,22.550157339900192
1817.0,20.805383771888653
1818.0,22.571176626489212
1819.0,21.00971867015167
1820.0,19.94034858976899
1821.0,21.058176278774255
1822.0,21.236967316716797
1823.0,19.07203957308836
1824.0,21.105770696244758
1825.0,17.58797349567379
1826.0,17.905004032119574
1827.0,19.236114900025253
1828.0,21.998651754461665
1829.0,20.646387153797452
1830.0,20.37909836587319
1831.0,22.62374005119561
1832.0,18.36306394172272
1833.0,18.035570474316707
1834.0,18.82155060257606
1835.0,21.254497011097616
1836.0,20.3405072560974
1837.0,18.27074410476344
1838.0,21.04207742771522
1839.0,21.109288189813444
1840.0,22.122551002812337
1841.0,21.221824295188007
1842.0,16.774942071465116
1843.0,23.199236900500804
1844.0,22.175857391017907
1845.0,21.419986535013884
1846.0,19.75644862631581
1847.0,21.45489230109684
1848.0,21.351673513596808
1849.0,18.902597232594267
1850.0,21.049337642011825
1851.0,16.878010504110833
1852.0,20.178161730403385
1853.0,19.00260852254546
1854.0,21.404796078582777
1855.0,22.518903654127822
1856.0,19.906806555334256
1857.0,19.48477197904404
1858.0,22.900270413059413
1859.0,21.491130979109514
1860.0,16.194705504952715
1861.0,22.797482294070342
1862.0,18.53566290144827
1863.0,19.399472314320988
1864.0,17.92108645346808
1865.0,17.91129464726349
1866.0,19.38183603621283
1867.0,22.943353533145565
1868.0,19.449754389770558
1869.0,21.335884600015614
1870.0,22.615941539997614
1871.0,19.55426502990526
1872.0,18.3769406427968
1873.0,19.9884889620355
1874.0,19.981892910440965
1875.0,23.909393602758794
1876.0,18.968892419094196
1877.0,19.11530781908905
1878.0,16.82844837382983
1879.0,18.801602316641514
1880.0,22.357373090114567
1881.0,19.808208714435423
1882.0,20.86037450245754
1883.0,19.73692205554801
1884.0,17.949482628623407
1885.0,19.564941487651488
1886.0,17.98358168908531
1887.0,22.029461370043165
1888.0,23.05874673830435
1889.0,19.611196257895113
1890.0,20.613383722696618
1891.0,21.636851923424853
1892.0,19.790810406822928
1893.0,21.025502648633505
1894.0,18.252481912665303
1895.0,22.400370621810332
1896.0,19.38358661563042
1897.0,22.24236667218931
1898.0,23.247210393392496
1899.0,15.456668132762928
1900.0,21.80162868245078
1901.0,20.27907609865188
1902.0,21.111763160595277
1903.0,21.99505537579627
1904.0,17.846771037582673
1905.0,20.088923113782858
1906.0,19.355464166785936
1907.0,15.298725566362286
1908.0,23.64365071341823
1909.0,18.69652969310534
1910.0,17.144027520921334
1911.0,20.067035708797725
1912.0,19.05336535011001
1913.0,21.021379711270843
1914.0,20.622738410036288
1915.0,18.55510905958174
1916.0,20.497255315484413
1917.0,13.126646499023428
1918.0,19.829686536296855
1919.0,22.40809775669934
1920.0,19.106132066841237
1921.0,18.361790487407994
1922.0,20.633281623171293
1923.0,20.078216497446697
1924.0,19.281839548115563
1925.0,17.543300151541008
1926.0,19.849937824536124
1927.0,21.155671247018535
1928.0,20.232217658913545
1929.0,22.47920270689489
1930.0,21.32725021362812
1931.0,21.22179786776795
1932.0,18.455898667966423
1933.0,19.482443105119106
1934.0,18.062373946994118
1935.0,19.605973283982596
1936.0,19.51195574190632
1937.0,19.808714259896043
1938.0,21.960965652230616
1939.0,21.882424250687052
1940.0,19.336530266790845
1941.0,17.894400336595982
1942.0,20.39352377725008
1943.0,22.504190224008696
1944.0,17.8950916747932
1945.0,20.801846950124197
1946.0,17.011392419495746
1947.0,20.96096317293162
1948.0,20.078317937663645
1949.0,20.450406038815473
1950.0,19.570243763941075
1951.0,18.846399036584103
1952.0,20.28439859731482
1953.0,17.72514756209993
1954.0,20.72855453073377
1955.0,21.631088890830878
1956.0,22.49067780558347
1957.0,20.939134420726933
1958.0,18.76564557614528
1959.0,21.267872900877816
1960.0,20.55817438961498
1961.0,17.742490226233397
1962.0,20.416689399045726
1963.0,16.98097740573593
1964.0,21.23503623515409
1965.0,19.367896066684537
1966.0,23.166314088361265
1967.0,20.488861971690753
1968.0,21.607837317644194
1969.0,18.15173047304135
1970.0,21.930382656144914
1971.0,19.928070118321266
1972.0,20.60096128510253
1973.0,19.593895763350936
1974.0,22.346695752892412
1975.0,20.46118293515107
1976.0,20.59189542810065
1977.0,22.408011128464953
1978.0,19.932778781568093
1979.0,21.688881573851674
1980.0,18.664055693810134
1981.0,20.67085688305032
1982.0,20.251835239439394
1983.0,17.943592166985173
1984.0,20.533721421488817
1985.0,16.056192368789475
1986.0,19.764936728376476
1987.0,20.108066260182223
1988.0,19.592294686760965
1989.0,18.980627599088976
1990.0,18.781029062119313
1991.0,20.3969560196786
1992.0,23.634911994829523
1993.0,21.969653192504246
1994.0,21.196522635492084
1995.0,18.298792268679264
1996.0,22.114652220157907
1997.0,17.44064359596503
1998.0,17.251813331434793
1999.0,22.30836888148681
